{
	"temperatures": [{
		"month": "JANUARY",
		"minTemp": 10,
		"maxTemp": 30
	}, {
		"month": "FEBRUARY",
		"minTemp": 17.8,
		"maxTemp": 28.9
	}, {
		"month": "MARCH",
		"minTemp": 17.8,
		"maxTemp": 28.9
	}, {
		"month": "APRIL",
		"minTemp": 25.8,
		"maxTemp": 37.9
	}, {
		"month": "MAY",
		"minTemp": 26.8,
		"maxTemp": 37.9
	}, {
		"month": "JUNE",
		"minTemp": 17.8,
		"maxTemp": 28.9
	}, {
		"month": "JULY",
		"minTemp": 17.8,
		"maxTemp": 28.9
	}, {
		"month": "AUGUST",
		"minTemp": 17.8,
		"maxTemp": 28.9
	}, {
		"month": "SEPTEMBER",
		"minTemp": 17.8,
		"maxTemp": 28.9
	}, {
		"month": "OCTOBER",
		"minTemp": 17.8,
		"maxTemp": 28.9
	}, {
		"month": "NOVEMBER",
		"minTemp": 17.8,
		"maxTemp": 28.9
	}, {
		"month": "DECEMBER",
		"minTemp": 17.8,
		"maxTemp": 28.9
	}]
}
