{
	"cloudProbabilities": [{
		"month": "JANUARY",
		"lowerLimit": 0.4,
		"upperLimit": 1.0
	}, {
		"month": "FEBRUARY",
		"lowerLimit": 0,
		"upperLimit": 0.5
	}, {
		"month": "MARCH",
		"lowerLimit": 0,
		"upperLimit": 0.5
	}, {
		"month": "APRIL",
		"lowerLimit": 0,
		"upperLimit": 0.5
	}, {
		"month": "MAY",
		"lowerLimit": 0,
		"upperLimit": 0.5
	}, {
		"month": "JUNE",
		"lowerLimit": 0.6,
		"upperLimit": 0.9
	}, {
		"month": "JULY",
		"lowerLimit": 0.6,
		"upperLimit": 0.9
	}, {
		"month": "AUGUST",
		"lowerLimit": 0.4,
		"upperLimit": 0.8
	}, {
		"month": "SEPTEMBER",
		"lowerLimit": 0.4,
		"upperLimit": 0.9
	}, {
		"month": "OCTOBER",
		"lowerLimit": 0,
		"upperLimit": 0.5
	}, {
		"month": "NOVEMBER",
		"lowerLimit": 0,
		"upperLimit": 0.5
	}, {
		"month": "DECEMBER",
		"lowerLimit": 0,
		"upperLimit": 0.5
	}]
}
